1985,1986,1987,1988,1989,1990,1991,1992,1993,1994,1995,1996,1997,1998,1999,2000,2001,2002,2003,2004,2005,2006,2007,2008,2009,2010,2011,2012,2013,2014,2015
35.8142,44.0047,-19.6111,21.3825,10.5704,7.60118,53.5893,57.28,-17.8368,13.4358,39.6057,8.70101,42.1497,-2.3061,40.092,-24.8904,-14.9061,-5.23305,-14.7661,38.677,38.2106,-8.02272,-3.13897,-6.22483,-17.1271,-17.8267,-31.0553,-19.4637,9.88586,-12.4186,-18.7946
-18.7111,-16.5525,-24.152,9.60268,-28.4838,45.0135,31.7208,12.5093,27.2447,-9.38978,-10.1851,-6.25757,-19.298,-18.7466,39.2186,-14.1452,-16.2016,-15.8146,49.2074,6.66256,-40.9561,41.5521,-22.4155,-28.4427,-16.5964,-30.9508,-18.7387,8.77228,5.48006,-6.6324,-19.6675
10.0207,-16.1155,-16.7537,-22.4939,-21.2427,13.4473,31.6519,-22.5599,7.62904,-6.83998,-23.0133,-26.0746,37.544,-13.8676,-18.0546,-27.8219,-10.6938,47.8914,51.2646,-17.4825,55.1831,47.7171,15.0975,39.6308,42.2483,-21.8476,8.13264,-21.4513,-3.86702,-13.3888,-16.4638
1.01489,39.2816,-23.5772,30.6473,57.2883,-26.6947,-1.31926,18.2253,33.0191,-9.05287,0.633088,8.80064,33.0225,-14.556,-23.2947,7.19937,50.3658,8.25125,31.8332,-8.29307,34.0959,6.89182,-17.4667,6.90584,7.12112,41.4664,7.60326,-21.7176,-9.28298,-20.2044,-19.1872
-25.8693,45.0248,43.1418,19.321,50.9569,33.214,54.9063,-31.3961,56.3141,-25.2628,-32.2627,41.359,22.6243,35.1755,32.2778,-15.7826,-1.25302,3.6716,-16.4857,-22.525,37.2699,-6.38134,4.96798,40.7767,-2.63531,-22.9804,50.3468,-17.784,7.25699,-17.2057,41.4571
-11.6516,-29.4731,-12.3047,-7.76758,39.235,52.8007,29.3318,52.4178,29.9467,-7.37598,48.1547,-18.0362,39.041,33.3837,8.1918,-31.2681,10.7585,45.5001,64.6959,-14.8766,-3.90354,-23.2603,-16.9738,-24.4957,-20.1071,9.11544,-6.8436,-7.48277,44.2559,43.9958,-17.8703
-37.2305,-9.79844,-7.33531,-28.8429,11.2304,-7.13095,-15.9365,25.5033,-6.80799,-8.13028,50.3282,45.3505,37.5096,40.7361,-30.5573,37.7227,5.38603,5.64745,-0.10174,29.4666,9.8763,10.3192,-12.9526,26.5539,19.3268,37.4251,9.40044,42.555,32.8398,-21.5196,0.686073
-7.04008,33.3427,-0.131721,-12.823,39.4927,30.6182,-27.7437,36.3763,8.79448,-18.8541,-0.529789,32.8745,43.4361,-6.77841,-26.4204,-16.5282,-5.23556,-3.9968,-37.1744,14.3526,6.60784,-25.4775,7.71183,31.345,47.6062,28.077,21.3521,39.8677,7.59777,-14.3299,-32.3809
40.6691,15.0651,-11.8797,-22.1508,43.8036,25.9245,21.537,32.4291,29.4316,3.52764,-23.5199,-28.076,-9.1371,-15.6996,15.5463,13.7185,40.8045,15.5553,42.0601,-22.5514,24.7876,-8.44131,2.19171,-20.3986,-17.6884,-25.593,-4.05208,-6.31874,0.058024,-4.14041,19.3285
-21.2244,37.2733,32.5541,-34.6391,-15.4802,48.6199,-23.0116,-15.5843,13.9406,3.12557,-23.8263,-24.9044,-17.399,46.5334,-0.357822,-23.5253,-29.0025,29.6686,-11.8781,-19.1711,-25.0483,-16.0334,6.70613,52.9158,29.6139,-12.9894,-36.617,7.15665,-6.17945,-24.4459,-11.5042
40.6814,-9.33748,44.7173,49.8867,25.9628,45.6107,30.5876,21.56,-5.14777,22.4749,-22.711,43.4429,-23.2873,-31.3201,6.03141,-32.7002,2.3929,-43.8051,-22.4922,34.3173,-21.4038,-6.8528,3.55746,-24.1258,-29.4144,19.9433,-21.091,-10.4897,-20.3766,-25.2205,-18.2
35.3824,32.4344,-2.54852,-20.5349,25.0375,38.9185,31.9084,34.0486,32.8796,-12.0008,-8.84509,-23.242,-23.8999,32.1096,-5.50598,49.2438,-19.7861,3.59078,2.25216,30.8406,-18.154,17.0173,34.878,-22.9167,3.3451,-17.4593,2.65259,-2.58568,-24.8006,-21.5153,-9.12272
29.6044,-33.0922,44.584,-0.996029,-27.3149,-13.4786,31.9506,-27.5982,41.7158,35.3656,-26.821,45.5728,-16.7329,31.3876,7.916,-27.1696,8.35604,-11.8781,-29.4558,38.1568,-38.0823,-22.5574,-8.87421,-1.24729,-18.7599,-24.746,-29.5025,9.85967,-19.3725,-43.4538,-4.31417
42.0122,40.604,-28.4297,37.441,38.0302,52.257,-0.928753,36.9812,-2.88189,-8.48433,38.7256,9.98513,-13.7619,-7.52394,49.2392,33.7394,-16.6038,-6.21263,-19.7931,1.62683,-10.734,-17.8194,-25.9842,-7.70779,19.2809,-37.717,7.09527,8.22392,-4.60943,7.30951,-18.1557
-4.13519,29.6932,23.021,49.345,33.0264,21.3073,27.4406,56.4607,31.4647,46.5257,44.8374,-27.7513,41.8434,-22.9217,52.406,46.7637,-6.80523,35.6744,36.481,-25.399,-22.1329,64.1501,-31.3591,-17.049,52.5048,32.547,8.51316,35.1163,-20.3461,-26.2415,-8.81664
28.5802,20.8066,49.6687,32.5616,-11.5274,31.07,24.9405,-9.57355,5.30433,8.3822,-37.1326,-6.22899,31.9335,-31.5385,54.0603,22.5981,41.5085,21.361,37.282,-16.048,-16.3459,29.7338,-10.6231,43.7745,9.897,-20.174,-14.5325,-52.8256,4.29951,31.4244,-12.1145
48.0917,25.6339,40.5924,-0.829098,-7.27055,33.8036,32.0501,-4.68836,23.4747,-7.50232,36.6338,-23.6894,32.165,-16.5749,-12.6952,0.422961,-16.0622,-7.3271,-2.42875,-41.4063,-38.1976,-9.06991,-11.4745,-6.18874,43.5036,-4.68221,35.0754,-0.5987,1.0256,31.8585,37.0268
46.4938,-33.0922,18.5812,26.9901,-16.2951,23.5125,22.2146,29.8372,-33.3854,32.4176,22.8414,-23.0627,37.9384,27.187,-22.4264,37.0091,47.9334,55.4566,-16.4711,45.1809,10.7731,-5.32376,-24.5074,-22.3705,-24.1484,-32.4204,-16.4659,-1.83097,0.733498,-38.3652,19.4811
34.8628,45.246,28.9938,26.4813,39.8812,-6.50308,41.9047,-13.5322,37.9808,33.0034,35.2121,-7.25388,-13.0626,30.3557,48.7569,-9.27811,42.0216,10.4517,-12.1764,-14.5615,26.1547,34.2105,-6.22483,-10.1112,32.6552,41.1603,-8.41426,-18.9673,-2.41871,-9.67763,-7.68508
18.2291,31.1451,31.0143,25.0845,15.9819,-6.55667,64.8145,44.2707,-36.263,23.9528,44.9518,-4.33874,30.4282,52.8983,2.72862,41.1558,-0.713264,-17.771,41.591,-10.0803,7.58834,-16.4518,-1.73364,40.8507,-8.14626,19.627,-18.0384,-3.18435,44.3289,44.0617,-6.55868
25.6694,41.7178,31.4619,21.6272,38.3888,-22.0775,24.4696,47.4312,18.0135,49.4354,5.17608,32.5397,-17.8225,32.6867,8.22671,0.948344,-29.7152,-13.4554,-20.9917,-7.63155,41.4282,-1.81545,-17.7712,-7.73908,46.9122,-27.2208,-19.7897,31.4583,42.0408,-7.19301,33.1767
-35.4392,15.6456,40.5807,14.6581,32.5555,-27.6671,24.6228,-25.2475,24.6177,36.8932,2.5585,-0.478939,8.88096,14.5118,7.44822,15.2933,37.5543,-33.9204,2.4676,53.1328,-17.634,8.15732,-18.49,-14.9555,0.814144,32.7562,36.7798,22.0625,6.46589,35.834,48.4049
24.6497,2.12719,3.22933,6.5639,-20.1862,25.0516,38.4514,28.7729,47.9479,22.5171,7.89697,33.5139,-2.75775,-17.3257,28.1269,23.5072,3.46568,-3.31867,32.0541,-11.8781,-6.95896,27.6696,-8.56674,-9.65333,4.36564,-19.9647,34.5222,46.5994,-24.971,31.2966,-22.3617
33.6977,53.6451,45.7794,28.7125,11.6058,7.05753,28.7346,25.1128,6.78433,0.277229,29.9011,49.6247,47.0502,28.5031,40.5341,32.3632,24.5293,-14.1158,-16.4938,8.22929,43.5954,4.32621,-13.6718,8.53552,-24.1892,38.9763,4.211,13.6288,-17.8146,43.3979,-6.97805
36.3581,22.991,-33.8689,28.2371,-6.46177,32.6703,18.1334,-1.794,2.58292,25.9398,36.7237,35.0342,22.4865,-17.6517,48.9515,12.1244,41.1654,52.6695,-17.9301,-21.0923,-10.5871,1.07274,-31.8106,-22.4647,10.0501,-26.2155,37.8022,-17.7982,43.2579,38.4853,18.685
14.7417,21.5735,42.1547,40.0061,43.819,53.6812,36.5907,33.3518,20.9476,27.2874,28.2914,-8.16902,-9.62715,32.3567,-3.40199,6.87616,47.6793,-6.21263,57.049,-40.1531,24.3928,-9.14637,15.5787,-6.26059,-9.84036,18.4176,-23.783,-23.6467,-16.5124,-7.66435,27.9271
14.5398,-33.7104,29.9247,36.3288,41.6531,16.2843,36.1849,22.3716,24.3267,6.61343,22.9967,-27.195,45.9476,-7.84969,31.4841,-34.0886,-14.9381,-20.269,-13.3744,-6.40958,-17.7598,17.0428,35.1559,-18.6929,-13.5756,46.7732,-18.939,55.6236,37.8967,27.3821,0.04848
27.7882,35.9088,36.4164,22.9348,31.6443,34.4927,35.1589,55.3734,24.9382,55.3351,44.5922,49.8018,-18.0116,-5.06649,24.9156,14.9726,50.0468,42.1729,-0.112857,-16.9769,30.7184,-29.6695,-17.7712,42.2954,-29.4144,-16.1122,8.10431,19.4433,37.8419,44.56,-33.3812
22.6176,42.894,24.7767,51.4768,22.8759,38.3136,7.30256,-28.4099,53.6271,40.7485,-6.7697,38.4217,18.9038,45.4629,64.5213,27.4268,-9.01065,-6.95359,-17.2994,-6.19397,30.7384,40.658,29.8672,32.111,-32.4557,44.4668,-18.1881,-1.40095,42.0043,-2.92934,33.5131
50.7134,17.4331,35.2053,26.988,15.7436,13.1257,6.78188,45.3963,60.2954,24.6457,35.5798,39.1375,30.0776,31.6288,48.3676,26.3867,42.657,40.8259,41.3473,-17.9451,24.212,-2.23169,-14.8431,-7.12687,41.6768,9.19708,-41.4217,-2.44123,6.06426,23.2652,-0.795186
38.9381,34.3153,36.3332,29.5434,44.2546,55.8252,-1.6868,38.6543,53.2133,2.1264,60.746,15.4695,47.3337,-15.4533,27.9323,25.5567,50.7963,-16.5008,36.0582,3.28175,44.8319,-5.79946,-9.53717,39.4142,4.27379,-16.0918,8.66649,20.5946,2.46174,16.5997,5.70693
11.6727,37.8118,46.7269,24.0121,7.12449,32.7316,15.733,60.5419,27.9846,25.7177,48.1302,13.6097,5.99224,44.1028,34.8414,27.4163,-15.449,-17.7692,-22.4964,-12.8522,33.7656,14.5368,13.9257,4.57525,-17.076,-11.8464,4.85749,3.606,-20.2305,34.3756,-25.9441
32.8353,31.9611,10.1321,-26.2024,-7.19221,27.4176,34.0792,40.2202,19.839,21.8758,23.2582,-6.60443,60.8855,36.2104,29.9758,14.9292,-11.8868,-18.0598,39.6089,-21.5563,32.9589,42.6033,33.2456,0.537682,-25.1179,0.012257,6.08029,-0.191962,40.2882,-24.3541,34.1936
13.489,25.6963,40.4228,6.58518,8.89905,12.5476,31.1619,-3.79249,40.3582,37.0272,40.1555,9.4547,32.8139,4.73891,24.721,11.2426,3.14709,50.8573,-15.8735,51.9038,36.4835,21.494,19.4139,2.67812,48.2491,1.13485,3.32971,-3.64908,-34.4809,35.6352,-5.06017
42.6953,43.1135,-29.0897,28.886,37.2492,26.7553,40.2125,30.6948,15.6003,-33.9535,25.1211,27.3146,42.2803,-33.4122,47.1999,15.811,52.0567,36.0858,-13.2385,37.1562,50.5111,-24.5303,-31.99,7.82654,-1.20654,41.3644,3.72167,34.2696,3.38671,55.0332,37.8142
23.1028,23.6547,19.4762,45.3603,34.5846,40.2508,22.9459,40.6323,28.8981,31.07,27.6214,39.6615,7.46328,52.4385,28.5161,47.1138,-30.3332,-1.74037,33.057,40.1622,29.5182,3.11572,33.4819,-3.38095,-18.7599,32.8939,51.448,28.524,38.8278,7.66215,-41.092
34.4872,48.0263,16.658,55.4087,-22.5905,8.33626,-23.4864,52.6169,5.07375,20.6258,26.0363,26.5766,3.30559,-28.1884,18.0065,-9.17889,53.8396,23.1932,-7.04676,-5.87694,-25.0057,-30.2302,16.5723,36.2266,30.8386,45.0791,-4.39091,32.4515,36.9291,26.4396,27.0326
31.5112,38.8855,42.306,34.7195,-33.4482,24.7683,-33.9306,42.9384,17.9374,53.6353,22.3839,25.1596,22.9053,30.4727,37.6634,31.806,17.965,39.6906,47.2248,-19.1865,-41.3731,-27.41,-35.3521,2.82691,-6.5542,-4.44749,-6.64778,37.0528,22.7624,42.708,58.1901
41.6853,36.1903,34.973,37.8837,24.8295,40.4652,30.1818,41.5946,45.7497,31.7869,49.9115,4.53955,25.4892,-25.0627,34.8414,27.094,18.0491,-15.77,38.0893,-28.2218,33.5306,7.17194,41.6486,10.762,33.0736,27.2504,7.67716,42.0681,48.5643,6.7719,-44.1033
27.5049,14.6553,28.4698,30.0496,-5.5536,21.3341,29.1481,6.60577,25.1622,30.3321,42.9785,44.2003,23.8505,-3.61067,43.794,3.95416,37.4938,36.8924,1.31139,37.7875,42.219,-14.5915,53.3778,-0.178031,-3.26804,-1.74307,38.62,-2.41184,2.16964,42.9445,10.7121
23.5255,61.7914,25.0202,22.0189,27.5095,16.5752,28.1527,43.6505,52.3665,27.4913,6.28328,25.2408,36.2132,39.593,50.3392,36.5465,36.1967,-15.132,-12.9125,44.7613,6.35323,40.8959,35.6376,-5.35934,47.1571,53.2843,-28.2873,68.0009,3.84919,27.8115,46.8147
47.3155,18.7575,18.0492,35.3673,10.5147,40.4346,24.0753,27.9919,43.9301,16.7179,25.7626,30.8939,14.8299,35.5681,40.1935,10.5157,6.90285,8.84884,-3.46055,45.3367,-6.12967,38.254,-8.57837,44.4621,-0.298253,22.1528,-9.70872,1.00099,68.1591,28.4737,7.38005
11.0514,-3.70717,38.6938,-8.84383,29.0801,25.6948,47.7853,22.3793,29.7518,28.9156,6.4376,3.41039,22.3357,50.7686,39.3177,15.1121,58.4897,48.2703,43.3022,-3.88165,45.6965,44.2513,7.44412,-8.54602,29.6701,56.652,36.8808,14.1478,23.6387,-32.3467,26.9195
28.5438,47.6776,13.9903,31.8882,23.5967,22.4252,41.3917,16.5216,32.2114,31.1973,52.8501,58.4808,26.8739,-33.1981,45.2537,17.1335,16.3066,38.1173,-14.3453,-14.3938,6.2723,22.1481,42.3423,33.4521,22.164,39.4866,34.0959,26.5659,7.13528,-35.6989,27.4682
21.6782,29.8651,35.3657,43.107,24.8678,32.4559,41.7362,-24.1219,51.3563,21.8175,30.1801,5.15947,13.4435,38.4369,47.5891,35.6681,19.0665,0.959578,-23.7719,1.86645,42.6487,33.1445,39.3482,-0.560615,-3.1864,48.6788,45.6264,61.4228,23.6387,13.3883,42.0683
25.3728,13.9153,NaN,34.6244,-9.65778,26.7055,23.8915,20.733,36.4802,15.1291,-23.8173,27.4105,31.2078,38.1987,25.5968,28.9955,-4.16936,28.4785,-10.4392,-6.93005,3.69543,-17.9086,-1.92539,4.64929,65.4351,-22.4446,13.6588,6.87373,61.2832,58.1993,10.1743
21.0725,-21.7074,NaN,36.9815,24.5345,6.53686,23.9413,48.5969,9.71614,10.017,29.8869,37.9198,21.5523,35.354,36.4956,11.5439,64.9787,35.8345,-22.2781,-13.875,0.795883,5.43477,40.6305,-31.8912,18.0205,2.82383,-9.67979,30.3632,37.0898,19.8258,3.94741
43.4577,NaN,NaN,47.528,22.268,32.2032,15.2544,22.0692,12.4132,22.4405,42.5413,6.61336,28.2139,34.4548,-33.4712,26.9607,13.7261,21.0961,34.3071,-5.6766,33.7082,-2.80933,4.72513,46.3538,34.88,-2.68196,45.2971,24.0587,41.9211,22.3313,-39.8648
43.242,NaN,NaN,36.2462,23.2505,24.0102,51.744,27.3793,15.1818,15.6143,15.2263,24.7685,-36.9193,22.4657,36.7876,19.9343,24.4457,32.2875,-6.20813,45.289,37.9689,-27.4397,35.2702,52.153,37.6558,-18.6942,43.048,53.8526,28.899,21.4955,21.3114
27.3195,NaN,NaN,-36.63,39.1329,53.7961,26.6059,39.309,35.1448,46.1544,14.9639,40.99,26.9811,-6.9505,14.7952,43.7739,29.7675,7.3106,34.4037,-21.4033,47.9353,-33.9721,39.3328,6.6853,20.674,20.2623,27.8963,33.4553,3.66687,-6.06802,21.8734
20.8454,NaN,NaN,29.0944,6.91447,31.0394,24.1787,28.5125,24.4756,17.0729,40.3499,17.5507,5.75584,-7.16459,37.5661,41.7853,22.2094,-9.70422,37.6968,48.162,-37.6649,48.6664,34.7979,30.8658,-29.047,26.3166,52.2558,28.9635,49.1358,20.7752,22.4079
63.1724,NaN,NaN,18.4311,30.7561,23.9413,6.10806,25.3272,18.0128,11.6671,15.8962,23.3441,47.0273,28.7172,19.8554,25.2293,-4.62266,-7.28558,48.983,53.4739,-23.5269,49.862,0.424911,16.8214,28.9812,25.1481,10.8365,33.6249,21.9781,10.2137,35.0129
26.4816,NaN,NaN,10.9636,36.391,12.8616,21.0469,45.1513,41.6111,12.5629,10.0459,23.0267,49.4622,41.6911,15.5737,14.7757,26.4927,46.4874,27.5247,28.4909,67.4743,47.0035,37.0063,7.0952,19.5616,43.4667,5.69693,22.1723,32.7135,62.7394,44.1285
18.8752,NaN,NaN,59.7121,17.3295,11.2383,7.48633,27.2262,36.1271,15.5798,39.461,49.6542,21.7744,59.9746,13.4329,13.7974,44.6998,24.9818,-6.97319,14.0626,24.598,-25.677,4.50308,35.8099,38.5131,36.0678,32.7048,41.0185,-44.3589,42.5291,39.3942
6.41486,NaN,NaN,15.0782,43.5586,42.3526,53.8037,36.8893,35.6512,23.0569,10.577,27.8829,35.6264,-28.745,30.4623,34.9498,-8.39564,58.0454,-32.59,-17.7817,43.1307,21.3538,34.5237,12.139,25.7563,34.3839,18.5965,33.424,51.2434,-7.0044,-25.5689
24.7027,NaN,NaN,37.9044,32.3978,24.2973,36.338,26.9122,-4.86699,27.586,24.8678,15.2776,35.3672,30.511,43.9886,14.9718,22.8284,-32.4864,-18.2289,0.087035,47.0515,32.2355,37.3217,60.5005,5.73317,14.0344,43.5376,26.1094,17.6991,25.4709,15.5509
18.2233,NaN,NaN,11.8707,27.3487,-8.03448,37.1727,26.1618,31.5053,15.5645,30.2769,39.0121,38.4007,42.2478,37.4688,-8.23498,27.8773,34.6133,33.545,-13.1078,34.4136,15.0975,11.6526,17.1246,42.2942,38.2211,8.30634,44.8644,27.387,27.3852,33.3604
33.1369,NaN,NaN,30.1638,31.0772,56.0627,44.8909,50.9783,27.9917,53.574,41.8101,48.4439,29.5364,-6.65077,23.9425,24.0841,5.67504,4.67409,-29.2128,11.486,28.7151,2.25351,-0.860079,-35.8586,50.1269,6.83965,62.3574,46.8848,-24.146,28.9832,20.1747
7.37547,NaN,NaN,34.293,45.8679,5.84049,15.0859,15.6717,-38.1255,22.5094,37.0506,25.6245,23.5684,40.0212,27.0564,6.19576,4.4351,32.7318,37.679,44.8661,-8.02432,37.6911,6.49467,36.9808,48.3716,35.5882,-29.8414,31.4158,30.4563,16.3273,26.2074
12.9425,NaN,NaN,14.4458,27.8004,21.6683,14.1556,22.2644,12.4551,17.5285,33.6351,42.5324,36.2666,25.1204,8.12201,17.2579,22.9085,-0.075707,31.4633,24.8942,42.0489,45.2621,-32.7659,26.4,13.4179,1.50224,48.8518,29.578,39.6151,26.1795,38.0626
21.1495,NaN,NaN,50.3978,15.1816,44.0063,6.77997,20.5033,36.764,23.2024,14.2621,41.0859,22.4404,32.7421,23.4891,43.8005,21.6636,37.2799,-16.3458,17.0785,50.8437,-14.1837,16.9089,6.63469,26.8483,-3.87599,5.96536,16.5919,23.0867,27.6132,34.3432
16.1135,NaN,NaN,2.6893,19.952,36.8383,21.7208,22.073,45.1072,33.17,15.4632,47.942,45.9922,40.9204,9.64183,7.36097,9.72651,53.5916,37.411,51.9754,39.4723,32.4776,36.2949,26.6159,5.56989,26.4442,36.9861,41.7,25.8633,35.7986,6.66576
31.7526,NaN,NaN,35.9866,37.5052,27.5435,20.9474,12.3805,22.5233,31.7821,28.2424,11.558,-31.4163,63.9567,45.2732,6.74719,55.2385,62.2333,41.8344,21.2792,44.3196,40.8331,-1.07453,7.17812,-16.6984,26.6381,27.9311,38.7791,18.3122,8.23894,34.1148
29.542,NaN,NaN,18.4042,23.8905,41.5583,46.966,24.8678,22.1952,27.7849,34.3542,21.7574,36.5943,41.7768,11.1616,18.2855,21.0559,-1.21807,-17.9705,-6.66212,22.8027,44.4976,40.4342,17.3019,8.28454,49.7736,42.0348,0.782182,50.0043,19.0682,38.3887
38.837,NaN,NaN,23.3725,45.7026,22.4257,49.7838,35.8327,17.4285,11.8465,22.8088,25.3736,42.8444,0.671164,7.6154,18.0568,37.8401,37.5469,-21.3783,35.7496,37.18,-4.36386,56.9372,2.96378,25.3072,14.0752,20.7933,15.2044,32.8144,24.5661,14.8417
17.9531,NaN,NaN,8.82924,7.71597,29.3795,48.5357,52.7319,37.9331,31.7668,15.3651,30.8497,40.6106,26.7131,46.6241,12.2919,54.2845,-26.6767,-14.0855,11.2164,0.542042,10.9861,17.2115,48.0799,20.2249,15.2182,48.3406,42.3329,13.6883,36.051,-25.0451
11.2699,NaN,NaN,15.5663,30.2798,34.2143,48.3136,25.03,-36.6559,-2.21514,27.5887,16.3551,24.8439,30.0976,27.0353,51.0974,22.6274,9.94557,-16.0663,32.0697,26.6914,49.8493,31.7119,39.8226,27.481,-45.1567,19.3801,10.5918,38.2138,30.7799,20.8137
10.1633,NaN,NaN,25.6834,-22.0228,22.6284,21.9581,18.0672,15.6301,31.1521,15.3937,37.0785,37.1834,31.1389,14.4546,19.7057,5.36056,58.6923,36.7476,34.4441,23.5449,19.4638,62.3364,25.1835,25.2562,49.6716,7.39811,34.7959,1.66076,16.4039,10.0395
42.6864,NaN,NaN,12.2248,35.2449,16.321,43.9644,17.0326,10.607,29.6075,29.2882,27.9198,49.6816,36.0394,19.2674,-29.9018,36.6745,59.4398,47.7159,-0.527894,54.2588,-4.26192,36.5247,22.1496,6.20262,6.77841,22.1168,8.79605,50.5323,33.9449,7.39149
NaN,NaN,NaN,23.8201,28.8877,7.00329,11.69,23.6313,-28.2598,46.9737,35.2121,15.6171,22.3517,38.7795,15.89,45.5709,37.4727,39.1954,5.21063,10.0137,34.272,53.536,-0.1883,-2.13589,44.8711,49.8757,27.3624,15.9469,28.7404,42.6219,35.0925
NaN,NaN,NaN,11.5463,-17.9568,27.5665,16.9811,17.4541,13.407,10.664,5.34767,18.2334,51.0166,23.4505,14.8768,39.6859,30.7738,17.2473,7.90993,29.1622,25.9614,17.4335,-3.59393,-30.9129,15.3059,25.1175,26.0844,9.69113,16.3191,14.6575,41.7575
NaN,NaN,NaN,21.5773,-26.9397,16.5199,31.093,25.4554,35.8439,20.7866,60.8522,23.595,51.8508,23.4359,14.8551,34.2249,39.5376,-18.2729,35.1516,30.8453,13.9466,42.2677,7.37836,25.2159,4.54934,43.3544,28.9081,7.42738,22.7696,6.94173,-35.1086
NaN,NaN,NaN,4.54794,-6.18356,39.4546,54.5541,26.3061,15.6489,37.0999,16.5417,45.2409,26.0909,-0.955933,38.6028,33.7958,49.7291,22.052,-3.09396,17.0271,-36.9575,49.7197,26.8709,11.6336,-33.068,34.5778,18.855,40.5195,35.9161,26.7465,26.8946
NaN,NaN,NaN,37.4146,24.6208,37.5841,30.0516,13.4496,41.5666,17.05,13.2244,36.0084,9.49041,44.5387,7.55452,31.8891,38.6073,34.2866,6.34483,41.9518,31.6718,-7.83819,42.5232,23.5424,16.4489,22.2804,27.0633,19.4398,10.5244,-15.3154,-32.6329
NaN,NaN,NaN,26.5037,37.1913,7.50054,24.6649,27.8313,1.12387,31.5294,14.0455,44.4291,47.2508,36.8574,12.5634,13.0629,12.178,27.3326,52.5773,18.5255,30.6766,5.27337,39.8941,35.4621,47.8205,43.4973,38.0461,55.5746,45.7492,-7.98006,9.95267
NaN,NaN,NaN,35.55,32.3152,37.1748,40.0211,-34.8687,23.0797,43.7041,6.77348,19.4326,26.0024,39.6918,24.975,52.675,12.5291,43.3672,48.241,37.8801,21.433,26.9221,30.2821,-33.1298,47.4021,-6.35589,-8.65047,13.6223,38.0024,6.0074,20.5669
NaN,NaN,NaN,13.6283,30.9519,13.2878,37.2339,12.0739,22.4214,20.1358,41.6303,13.9861,33.2972,23.6609,34.5922,-7.32349,34.9888,24.4963,-33.7569,30.2851,20.9765,50.7752,30.2434,25.2411,17.1225,36.027,12.5947,30.1135,12.658,12.6289,36.9375
NaN,NaN,NaN,7.46115,-3.48207,16.0991,13.344,-7.58451,11.054,16.1885,35.3388,10.2001,26.94,38.7474,23.3997,24.736,34.3591,13.2851,44.3837,47.8637,21.3534,52.5336,43.2956,35.5,24.8786,43.9872,22.5641,14.6081,13.0819,44.6146,-38.6637
NaN,NaN,NaN,23.5246,11.6618,28.6222,32.5172,35.0968,34.0563,12.0078,33.3124,14.0414,28.47,66.6416,18.4562,30.6009,14.5594,-30.1182,31.5119,-9.68179,39.7282,-45.6905,21.3491,52.8629,54.3622,46.0793,7.84386,34.6167,2.95415,18.4473,33.5033
NaN,NaN,NaN,15.749,11.8096,24.1354,9.60733,44.2937,20.5564,12.0384,15.8268,25.8792,35.2403,46.6061,19.5038,19.7397,29.2973,62.8807,-19.7644,37.9526,-28.5195,-6.15624,39.4015,-1.67523,40.6869,7.93162,-30.343,31.1602,29.15,6.69427,22.4916
NaN,NaN,NaN,20.7098,0.654819,29.5249,20.2047,28.3907,8.15766,12.3447,18.5395,11.8569,33.9474,26.7913,14.986,14.4934,37.4727,64.8048,37.1113,17.1066,44.5627,18.3679,13.3836,6.2298,34.5636,19.2545,28.5244,1.36637,7.73724,13.8455,14.8262
NaN,NaN,NaN,13.4802,37.5488,55.6343,28.3671,22.064,10.7409,45.0556,12.9016,42.3331,32.2874,24.0181,-29.1447,-7.63679,23.5108,41.2484,-34.945,42.0117,43.8535,35.6716,19.5479,13.3089,7.6518,6.01301,37.8507,20.9855,-8.5735,21.7845,43.3765
NaN,NaN,NaN,14.7289,27.923,16.2827,18.7575,13.0242,32.5504,15.1434,22.4615,-7.33507,34.9725,21.3271,6.60512,44.8503,37.3243,42.8491,45.105,31.0405,24.1288,36.0879,27.1976,21.3597,28.0015,24.9491,37.4167,38.1949,24.7174,28.2782,44.6422
NaN,NaN,NaN,29.1543,9.4963,16.3133,17.3639,19.3548,12.5851,34.4889,20.86,15.0341,12.7493,22.6488,21.1735,49.6165,-1.31485,43.0853,-8.78414,25.9751,30.923,28.2515,26.2928,22.9396,33.2981,48.5898,19.1316,2.65647,16.6413,26.9326,-29.9568
NaN,NaN,NaN,27.7659,35.6705,24.4682,17.3103,7.11522,12.3152,14.9596,13.7105,7.04878,40.3845,-7.75041,3.69145,10.7955,25.9309,35.6527,49.2409,7.22966,27.4363,3.41728,28.5367,9.2331,30.859,24.3112,35.2213,35.0305,21.2719,10.2916,4.70359
NaN,NaN,NaN,52.3035,27.1419,24.2158,36.2232,52.571,40.4443,30.2009,22.388,64.3628,45.0709,28.3755,45.2358,21.4998,0.81588,42.2633,-11.0006,42.3494,32.6055,38.6872,54.1789,27.4995,40.6971,25.5767,17.0382,14.316,30.6607,4.13428,28.3337
NaN,NaN,NaN,20.9216,32.7453,-26.9091,11.5369,44.5158,-10.0433,9.14408,25.1334,17.0009,65.547,27.6882,45.1703,-31.1931,38.1066,1.78641,32.3342,12.1226,32.9554,-3.3275,-33.3273,-39.1167,26.5,23.9949,35.8055,14.462,15.0103,38.1738,39.7609
NaN,NaN,NaN,9.50559,26.4375,26.0747,26.6059,10.2805,9.64613,14.3202,18.9399,3.55799,36.0741,28.8404,60.2789,7.60689,37.0795,47.137,35.1172,43.4752,45.7648,43.1639,-32.8654,29.7956,37.0741,28.0056,14.9509,9.30166,7.33928,4.59198,16.691
NaN,NaN,NaN,16.0791,29.6046,43.5014,24.707,43.1605,8.56672,36.1734,12.779,36.4069,22.0189,34.4397,0.712298,14.7895,16.378,14.1031,40.2225,59.1447,28.1203,11.2409,47.0599,48.1717,19.1227,51.8657,12.0043,37.3916,21.6819,8.02409,3.66137
NaN,NaN,NaN,25.7425,-15.1862,11.3982,19.7299,42.7699,7.28291,39.0065,12.1417,19.7426,21.8834,40.6454,0.581347,-27.9422,43.6492,33.2088,-41.737,20.4286,6.05477,-3.86267,22.3975,32.5559,17.8675,46.8243,22.3056,19.1356,11.4452,45.9281,28.3812
NaN,NaN,NaN,28.7764,17.9191,0.617967,41.0624,44.5004,6.87608,10.7214,30.6405,25.8386,24.0572,57.6109,16.181,-0.057876,14.9967,47.3407,38.043,46.7407,27.7023,25.9707,26.9485,35.8813,8.57029,30.1895,25.0123,30.503,15.5821,44.2452,31.0422
NaN,NaN,NaN,6.37902,16.6899,22.5748,14.9902,37.3028,48.3884,16.2498,10.4102,19.5692,22.6192,39.7927,14.8223,1.58123,34.6188,48.8527,-4.40215,27.1983,16.9772,34.5163,52.5232,23.3463,35.1555,39.4866,26.5897,13.4093,27.4145,-1.02615,11.8278
NaN,NaN,NaN,24.0029,-24.589,51.9507,34.2247,19.0255,50.3802,-8.59727,17.3711,41.7999,39.6237,44.0151,42.6196,1.16835,18.3607,55.5516,23.361,-7.04642,17.9836,50.1296,0.617594,-42.2225,24.2867,29.1384,0.125662,19.0626,40.3008,31.5566,41.2871
NaN,NaN,NaN,30.9339,23.1441,6.08126,25.1817,17.5324,3.79233,30.9819,6.83476,41.263,24.9893,37.384,9.42058,32.6274,36.8725,22.7803,52.5531,6.4901,10.4097,63.2944,34.9758,51.9685,26.6186,16.7388,26.3755,9.56942,7.2182,31.3378,-0.144295
NaN,NaN,NaN,9.63061,19.2399,39.3702,24.3395,42.701,30.2472,45.2087,15.2507,9.91226,27.3761,24.8178,-29.7176,8.93576,7.79888,5.64745,55.4536,48.9058,20.9915,18.181,33.4497,64.2769,17.8266,18.7493,1.66044,30.3813,22.9043,43.999,21.6586
NaN,NaN,NaN,43.8055,26.1618,15.3233,28.8035,-34.6886,-6.24192,26.3341,8.26752,43.359,31.7905,29.6288,8.99498,-3.14683,32.6061,-29.9438,18.2528,28.0894,37.6805,23.0443,9.98183,7.69097,27.629,20.6067,22.3021,28.0445,3.58444,35.4299,33.9839
NaN,NaN,NaN,19.1131,17.5697,48.038,35.1282,51.7363,9.65856,0.748137,7.43332,37.7648,17.9384,30.3363,52.2254,-8.73699,11.7684,26.5167,40.9417,25.4989,35.6995,30.9231,26.2558,9.28889,8.38404,17.096,38.2779,17.0909,53.4431,41.4579,-2.03643
NaN,NaN,NaN,17.6857,14.6484,11.2498,10.2084,15.4343,-6.46321,18.9834,18.147,41.2971,35.7791,17.2264,NaN,11.3819,30.0691,22.0018,34.958,12.4118,40.8275,10.5443,42.2316,33.9163,33.9207,25.5869,8.73715,11.0786,37.5597,8.65608,-26.0369
NaN,NaN,NaN,16.024,19.1458,40.9323,51.8576,14.9366,51.0549,21.4949,41.0301,46.4439,32.3559,-36.9441,NaN,-18.2429,-33.8547,44.533,33.069,67.4199,13.0351,36.9628,14.945,47.6426,15.9846,34.6901,40.1862,14.316,-18.9538,-24.8513,54.9868
NaN,NaN,NaN,12.4945,18.0456,-1.5796,43.4418,43.6735,NaN,18.12,26.6361,5.51372,22.3798,44.1768,NaN,-20.71,10.5493,43.5246,-0.139191,13.1133,42.2671,67.9345,24.9939,16.6523,27.0167,12.9425,13.0931,5.50441,13.9188,39.7967,12.8357
NaN,NaN,NaN,8.56968,29.5712,7.03456,24.6724,42.9307,NaN,7.67392,16.4132,NaN,-22.673,2.63895,NaN,7.9462,9.32666,17.9643,36.7242,44.5712,39.8858,32.1463,-9.55253,56.2261,26.8177,22.6733,20.6511,31.3063,53.2732,4.72508,35.6658
NaN,NaN,NaN,4.97124,49.8786,-23.6721,30.7867,42.0387,NaN,32.0846,13.2727,NaN,29.9379,23.1199,NaN,44.9481,26.7556,27.8524,33.9512,13.4405,10.6656,30.1671,35.2782,22.6193,14.5762,30.5059,17.343,26.8031,4.48013,7.90972,NaN
NaN,NaN,NaN,19.6114,9.92112,53.7195,41.0289,29.6764,NaN,11.7781,2.21007,NaN,15.2748,28.9415,NaN,NaN,0.652639,25.3411,57.8205,28.8637,4.40507,26.7522,53.8814,6.61129,16.454,21.515,29.5654,63.1691,NaN,NaN,NaN
NaN,NaN,NaN,13.6637,7.39136,-13.4786,26.2763,6.76274,NaN,10.9856,38.652,NaN,24.719,21.5645,NaN,NaN,12.0911,28.0222,-12.3152,7.37715,37.6813,26.5993,32.8366,39.2463,19.5,22.1069,22.248,4.94456,NaN,NaN,NaN
NaN,NaN,NaN,-8.80602,1.4561,39.9139,35.3241,51.5066,NaN,-0.77561,21.1239,NaN,18.3168,-40.5821,NaN,NaN,23.6726,46.6027,-31.5791,17.5033,41.8583,18.7332,25.2563,44.3352,17.2296,31.5774,39.1045,54.4062,NaN,NaN,NaN
NaN,NaN,NaN,39.7108,38.9874,NaN,37.4429,8.40517,NaN,11.3455,22.4166,NaN,18.8234,47.0043,NaN,NaN,11.7284,38.5499,64.9771,-39.6445,19.1699,15.1272,8.3753,22.5473,22.5263,-2.14107,18.2802,42.3329,NaN,NaN,NaN
NaN,NaN,NaN,3.35681,6.65677,NaN,17.2236,7.78495,NaN,11.2536,46.5287,NaN,17.038,18.0078,NaN,NaN,19.39,27.8034,63.5313,26.1245,19.0685,49.5049,33.7535,30.7385,41.09,28.3526,44.4216,36.5397,NaN,NaN,NaN
NaN,NaN,NaN,8.29737,-7.81604,NaN,11.248,29.753,NaN,NaN,49.8461,NaN,21.6936,36.6228,NaN,NaN,27.8394,25.2225,-1.50383,27.0864,46.898,58.3325,-37.9361,37.8284,18.5257,41.0582,5.58466,19.0565,NaN,NaN,NaN
NaN,NaN,NaN,0.179812,61.2749,NaN,14.0025,-20.8141,NaN,NaN,7.20654,NaN,9.32083,25.9513,NaN,NaN,-31.1727,43.9929,5.37112,42.9703,7.41856,23.4205,34.2749,22.0507,12.2596,39.5887,4.64089,-32.9367,NaN,NaN,NaN
NaN,NaN,NaN,-0.86622,24.9855,NaN,-27.6365,NaN,NaN,NaN,25.1783,NaN,33.9398,45.5457,NaN,NaN,26.5321,11.7891,38.2891,39.7967,32.0585,24.0687,20.0539,17.3109,2.89095,37.8435,2.57031,39.9231,NaN,NaN,NaN
NaN,NaN,NaN,-6.93061,-11.2926,NaN,3.96409,NaN,NaN,NaN,-28.7374,NaN,5.87962,3.04611,NaN,NaN,16.6646,25.8418,1.50529,37.6258,14.7558,25.506,21.2401,54.4878,8.85094,51.4677,2.18085,48.3513,NaN,NaN,NaN
NaN,NaN,NaN,NaN,NaN,NaN,40.0517,NaN,NaN,NaN,6.76939,NaN,32.0529,7.38157,NaN,NaN,40.8829,33.0246,35.2142,24.0014,7.35224,26.1963,22.0231,19.1607,17.2185,35.2106,8.08596,2.87071,NaN,NaN,NaN
NaN,NaN,NaN,NaN,NaN,NaN,30.7101,NaN,NaN,NaN,17.5345,NaN,27.2307,29.3931,NaN,NaN,24.9949,-37.2605,-19.1732,42.9478,18.8116,24.7288,21.0263,31.4889,34.3646,33.3634,-29.2084,11.8283,NaN,NaN,NaN
NaN,NaN,NaN,NaN,NaN,NaN,32.8694,NaN,NaN,NaN,-21.6968,NaN,34.8425,-31.4627,NaN,NaN,15.2301,54.5643,36.9249,36.715,47.4865,-5.16666,12.9072,36.2538,15.7081,9.855,-29.4584,43.1605,NaN,NaN,NaN
NaN,NaN,NaN,NaN,NaN,NaN,-17.5254,NaN,NaN,NaN,45.1007,NaN,31.8054,61.4991,NaN,NaN,37.3785,22.342,-33.7036,44.3085,25.886,47.4559,22.6315,26.9506,14.8722,20.88,1.69854,37.0752,NaN,NaN,NaN
NaN,NaN,NaN,NaN,NaN,NaN,7.6433,NaN,NaN,NaN,NaN,NaN,6.90986,48.8353,NaN,NaN,31.0389,20.8681,46.6398,36.4862,18.9643,41.4127,32.8583,7.5848,15.1885,13.6058,0.385821,-15.6178,NaN,NaN,NaN
NaN,NaN,NaN,NaN,NaN,NaN,22.0615,NaN,NaN,NaN,NaN,NaN,16.9874,0.648437,NaN,NaN,-2.59236,8.18196,26.5695,33.4219,30.191,0.54501,5.44555,29.657,38.7733,33.5267,-0.914218,53.4569,NaN,NaN,NaN
NaN,NaN,NaN,NaN,NaN,NaN,0.610309,NaN,NaN,NaN,NaN,NaN,15.9136,49.8767,NaN,NaN,18.1538,25.0185,6.61932,27.8758,-41.5536,25.6151,18.5242,18.871,14.9028,42.3135,-41.4857,-27.5025,NaN,NaN,NaN
NaN,NaN,NaN,NaN,NaN,NaN,29.4697,NaN,NaN,NaN,NaN,NaN,15.9418,-7.16691,NaN,NaN,18.0925,41.7532,-14.3155,22.5609,28.5839,14.8995,-35.8054,27.0442,-13.8358,11.385,-6.28412,-5.88736,NaN,NaN,NaN
NaN,NaN,NaN,NaN,NaN,NaN,33.8457,NaN,NaN,NaN,NaN,NaN,31.4717,48.8573,NaN,NaN,-26.202,29.5326,38.5134,-38.3926,32.3519,26.0133,27.5773,25.0288,38.114,17.91,8.52649,2.61996,NaN,NaN,NaN
NaN,NaN,NaN,NaN,NaN,NaN,2.98399,NaN,NaN,NaN,NaN,NaN,38.1123,38.2982,NaN,NaN,16.746,29.6633,37.2228,40.7764,44.0571,27.0606,31.6866,31.3413,17.5757,16.245,9.30406,39.5093,NaN,NaN,NaN
NaN,NaN,NaN,NaN,NaN,NaN,31.2653,NaN,NaN,NaN,NaN,NaN,32.1426,28.2752,NaN,NaN,-32.8972,37.0417,36.4378,15.848,10.7071,-3.28577,43.0901,4.07765,29.8119,40.365,2.5574,7.98723,NaN,NaN,NaN
NaN,NaN,NaN,NaN,NaN,NaN,NaN,NaN,NaN,NaN,NaN,NaN,32.7469,42.211,NaN,NaN,37.0335,7.05922,15.5956,48.9664,34.9305,40.4133,34.5303,53.2606,36.425,16.29,-7.37953,-30.568,NaN,NaN,NaN
NaN,NaN,NaN,NaN,NaN,NaN,NaN,NaN,NaN,NaN,NaN,NaN,37.1834,28.8202,NaN,NaN,26.6674,35.0369,62.8787,32.6528,30.3681,34.0401,10.3906,0.682066,2.99222,-38.07,-6.91704,7.97653,NaN,NaN,NaN
NaN,NaN,NaN,NaN,NaN,NaN,NaN,NaN,NaN,NaN,NaN,NaN,-25.9956,46.5755,NaN,NaN,43.9695,15.3403,11.81,46.3703,21.1139,28.4708,54.005,18.4572,5.54356,26.235,NaN,NaN,NaN,NaN,NaN
NaN,NaN,NaN,NaN,NaN,NaN,NaN,NaN,NaN,NaN,NaN,NaN,16.8657,7.75432,NaN,NaN,-7.52386,41.0922,47.3811,34.7498,8.52116,40.7049,-1.73966,31.9961,15.5652,25.965,NaN,NaN,NaN,NaN,NaN
NaN,NaN,NaN,NaN,NaN,NaN,NaN,NaN,NaN,NaN,NaN,NaN,16.276,40.8863,NaN,NaN,39.7238,15.1817,30.9182,7.02107,15.301,47.8042,24.0984,36.1564,-25.0929,28.89,NaN,NaN,NaN,NaN,NaN
NaN,NaN,NaN,NaN,NaN,NaN,NaN,NaN,NaN,NaN,NaN,NaN,39.6015,52.2417,NaN,NaN,6.96054,27.5752,53.3172,21.0247,28.1973,39.738,36.6842,17.8213,14.9121,25.425,NaN,NaN,NaN,NaN,NaN
NaN,NaN,NaN,NaN,NaN,NaN,NaN,NaN,NaN,NaN,NaN,NaN,9.43645,14.8371,NaN,NaN,38.9667,38.0545,8.3491,33.6343,18.7601,43.3175,52.072,35.0542,18.484,4.86,NaN,NaN,NaN,NaN,NaN
NaN,NaN,NaN,NaN,NaN,NaN,NaN,NaN,NaN,NaN,NaN,NaN,2.27983,11.8968,NaN,NaN,14.8405,35.3059,41.2757,41.176,44.5848,45.0873,23.9164,24.6669,55.6621,12.78,NaN,NaN,NaN,NaN,NaN
NaN,NaN,NaN,NaN,NaN,NaN,NaN,NaN,NaN,NaN,NaN,NaN,-3.00967,28.6274,NaN,NaN,-7.59454,-36.9518,18.8378,17.3866,21.7139,18.2265,2.9614,18.0513,11.4729,14.4,NaN,NaN,NaN,NaN,NaN
NaN,NaN,NaN,NaN,NaN,NaN,NaN,NaN,NaN,NaN,NaN,NaN,-27.4068,26.56,NaN,NaN,22.6475,56.0839,43.7754,15.3973,29.9816,19.1028,40.7481,30.5218,7.47238,22.4293,NaN,NaN,NaN,NaN,NaN
NaN,NaN,NaN,NaN,NaN,NaN,NaN,NaN,NaN,NaN,NaN,NaN,31.1246,35.0976,NaN,NaN,14.4472,15.3651,39.4652,-34.0107,29.2938,19.1719,27.7772,20.9522,-30.3895,25.695,NaN,NaN,NaN,NaN,NaN
NaN,NaN,NaN,NaN,NaN,NaN,NaN,NaN,NaN,NaN,NaN,NaN,30.7803,29.24,NaN,NaN,44.9617,39.6197,12.4276,10.0552,15.9783,35.3523,18.5499,21.8994,13.7691,26.73,NaN,NaN,NaN,NaN,NaN
NaN,NaN,NaN,NaN,NaN,NaN,NaN,NaN,NaN,NaN,NaN,NaN,26.5269,17.1112,NaN,NaN,52.0555,27.2934,26.1706,5.5144,12.5706,35.9525,-3.27954,21.9351,5.74257,18.1978,NaN,NaN,NaN,NaN,NaN
NaN,NaN,NaN,NaN,NaN,NaN,NaN,NaN,NaN,NaN,NaN,NaN,3.64911,38.6122,NaN,NaN,22.3394,48.2057,19.0724,28.418,19.2402,22.4114,13.0377,15.6894,-6.77431,14.445,NaN,NaN,NaN,NaN,NaN
NaN,NaN,NaN,NaN,NaN,NaN,NaN,NaN,NaN,NaN,NaN,NaN,37.061,11.0162,NaN,NaN,-1.73326,49.5355,38.3574,47.3018,17.0464,11.432,-34.0906,-1.71681,35.1595,44.01,NaN,NaN,NaN,NaN,NaN
NaN,NaN,NaN,NaN,NaN,NaN,NaN,NaN,NaN,NaN,NaN,NaN,16.2641,15.978,NaN,NaN,0.491533,10.5017,6.21566,36.3928,48.5713,39.4326,-0.641493,12.0606,-22.5416,50.9015,NaN,NaN,NaN,NaN,NaN
NaN,NaN,NaN,NaN,NaN,NaN,NaN,NaN,NaN,NaN,NaN,NaN,39.2204,30.511,NaN,NaN,4.11128,47.6469,1.61614,41.2272,32.8686,22.3477,11.4532,32.24,-32.9919,1.305,NaN,NaN,NaN,NaN,NaN
NaN,NaN,NaN,NaN,NaN,NaN,NaN,NaN,NaN,NaN,NaN,NaN,2.80788,13.7574,NaN,NaN,9.17656,49.059,11.7927,33.8068,13.9797,33.0562,8.33141,19.5718,42.5278,11.205,NaN,NaN,NaN,NaN,NaN
NaN,NaN,NaN,NaN,NaN,NaN,NaN,NaN,NaN,NaN,NaN,NaN,34.5539,48.5204,NaN,NaN,18.2233,-31.2427,37.8703,50.68,25.9561,22.7127,15.0794,9.24385,1.4308,24.21,NaN,NaN,NaN,NaN,NaN
NaN,NaN,NaN,NaN,NaN,NaN,NaN,NaN,NaN,NaN,NaN,NaN,-1.66383,29.6764,NaN,NaN,36.6831,14.6693,-9.01219,10.4041,25.6406,24.0035,6.958,11.4788,53.9986,17.9576,NaN,NaN,NaN,NaN,NaN
NaN,NaN,NaN,NaN,NaN,NaN,NaN,NaN,NaN,NaN,NaN,NaN,9.71488,51.0242,NaN,NaN,-0.145811,43.8822,21.9239,10.3179,34.5073,-37.2588,47.1636,19.1585,4.99247,16.83,NaN,NaN,NaN,NaN,NaN
NaN,NaN,NaN,NaN,NaN,NaN,NaN,NaN,NaN,NaN,NaN,NaN,38.6249,30.6642,NaN,NaN,29.8942,7.56526,21.3961,15.5474,17.1257,47.7334,20.4525,4,-31.257,-1.22352,NaN,NaN,NaN,NaN,NaN
NaN,NaN,NaN,NaN,NaN,NaN,NaN,NaN,NaN,NaN,NaN,NaN,1.18459,45.7638,NaN,NaN,-19.5935,37.4146,12.9158,37.3684,43.0798,35.2679,12.3429,15.8519,7.07182,18.9,NaN,NaN,NaN,NaN,NaN
NaN,NaN,NaN,NaN,NaN,NaN,NaN,NaN,NaN,NaN,NaN,NaN,-1.8476,20.4037,NaN,NaN,10.2122,46.3429,27.2672,34.7127,55.5114,50.7912,10.2921,14.8977,40.8337,-27.36,NaN,NaN,NaN,NaN,NaN
NaN,NaN,NaN,NaN,NaN,NaN,NaN,NaN,NaN,NaN,NaN,NaN,-10.0704,7.05753,NaN,NaN,35.1833,27.6961,40.7146,44.4962,41.8978,37.5631,43.5443,33.7318,21.2394,15.03,NaN,NaN,NaN,NaN,NaN
NaN,NaN,NaN,NaN,NaN,NaN,NaN,NaN,NaN,NaN,NaN,NaN,-0.852182,15.0247,NaN,NaN,37.7262,37.6146,28.831,30.5736,3.50517,39.0355,16.5463,15.5457,32.4653,-30.555,NaN,NaN,NaN,NaN,NaN
NaN,NaN,NaN,NaN,NaN,NaN,NaN,NaN,NaN,NaN,NaN,NaN,13.8493,18.6733,NaN,NaN,36.7277,59.6028,38.1986,27.6084,22.4834,6.9447,22.6824,20.7403,8.02347,16.7052,NaN,NaN,NaN,NaN,NaN
NaN,NaN,NaN,NaN,NaN,NaN,NaN,NaN,NaN,NaN,NaN,NaN,-32.7208,35.8403,NaN,NaN,5.42363,40.0017,7.04391,41.3502,12.7525,9.08112,38.5299,1.25298,-17.7451,19.2123,NaN,NaN,NaN,NaN,NaN
NaN,NaN,NaN,NaN,NaN,NaN,NaN,NaN,NaN,NaN,NaN,NaN,29.6688,35.5953,NaN,NaN,10.9806,15.2291,14.6208,34.6172,21.9409,35.3403,14.6726,47.0143,-11.826,45.09,NaN,NaN,NaN,NaN,NaN
NaN,NaN,NaN,NaN,NaN,NaN,NaN,NaN,NaN,NaN,NaN,NaN,40.8159,33.3288,NaN,NaN,32.6068,6.60559,36.6816,38.4896,11.7804,24.6625,47.7229,0.048733,1.16546,12.5176,NaN,NaN,NaN,NaN,NaN
NaN,NaN,NaN,NaN,NaN,NaN,NaN,NaN,NaN,NaN,NaN,NaN,-20.8879,16.1464,NaN,NaN,-26.2199,37.2114,-34.433,24.4896,18.9658,31.539,48.9549,-33.0119,42.7931,5.61628,NaN,NaN,NaN,NaN,NaN
NaN,NaN,NaN,NaN,NaN,NaN,NaN,NaN,NaN,NaN,NaN,NaN,31.4835,-25.2628,NaN,NaN,3.55472,41.8628,-41.3947,28.8006,41.0532,17.7499,9.6446,0.82945,-31.1753,9.0735,NaN,NaN,NaN,NaN,NaN
NaN,NaN,NaN,NaN,NaN,NaN,NaN,NaN,NaN,NaN,NaN,NaN,-11.9549,37.142,NaN,NaN,-23.963,-34.0133,0.93959,43.3726,14.1106,26.394,36.3693,15.7039,31.8122,15.1821,NaN,NaN,NaN,NaN,NaN
NaN,NaN,NaN,NaN,NaN,NaN,NaN,NaN,NaN,NaN,NaN,NaN,-0.823791,38.9567,NaN,NaN,5.38603,36.3468,32.5166,9.01103,15.6484,34.6098,-42.0045,20.6944,-6.80493,-8.67221,NaN,NaN,NaN,NaN,NaN
NaN,NaN,NaN,NaN,NaN,NaN,NaN,NaN,NaN,NaN,NaN,NaN,-6.08419,8.84162,NaN,NaN,-21.2908,44.3828,20.5747,34.3146,-33.5795,46.0415,13.2799,17.9542,NaN,17.7145,NaN,NaN,NaN,NaN,NaN
NaN,NaN,NaN,NaN,NaN,NaN,NaN,NaN,NaN,NaN,NaN,NaN,41.8429,16.9811,NaN,NaN,38.4324,53.9096,36.9277,4.36347,51.9151,31.7556,-6.69662,-30.0472,NaN,8.28,NaN,NaN,NaN,NaN,NaN
NaN,NaN,NaN,NaN,NaN,NaN,NaN,NaN,NaN,NaN,NaN,NaN,-7.85837,13.3286,NaN,NaN,40.7369,22.1084,28.593,6.1482,18.1724,41.5191,26.0192,4.93715,NaN,20.4766,NaN,NaN,NaN,NaN,NaN
NaN,NaN,NaN,NaN,NaN,NaN,NaN,NaN,NaN,NaN,NaN,NaN,NaN,29.4084,NaN,NaN,0.089204,50.9544,18.9389,24.6862,42.9478,20.1943,35.9513,9.77453,NaN,45.1256,NaN,NaN,NaN,NaN,NaN
NaN,NaN,NaN,NaN,NaN,NaN,NaN,NaN,NaN,NaN,NaN,NaN,NaN,5.93195,NaN,NaN,34.9309,45.9346,39.7887,9.15024,15.5251,15.862,31.2388,-21.5562,NaN,7.27459,NaN,NaN,NaN,NaN,NaN
NaN,NaN,NaN,NaN,NaN,NaN,NaN,NaN,NaN,NaN,NaN,NaN,NaN,51.6904,NaN,NaN,-28.5644,30.0167,34.2175,0.312954,7.90959,34.0789,16.9624,8.57029,NaN,50.8534,NaN,NaN,NaN,NaN,NaN
NaN,NaN,NaN,NaN,NaN,NaN,NaN,NaN,NaN,NaN,NaN,NaN,NaN,23.658,NaN,NaN,4.65766,40.974,34.9054,-30.376,7.20467,18.1046,0.88127,-25.0669,NaN,9.88679,NaN,NaN,NaN,NaN,NaN
NaN,NaN,NaN,NaN,NaN,NaN,NaN,NaN,NaN,NaN,NaN,NaN,NaN,12.1801,NaN,NaN,32.9774,35.6268,8.90315,35.0456,40.4745,25.0278,36.8622,45.0242,NaN,4.11351,NaN,NaN,NaN,NaN,NaN
NaN,NaN,NaN,NaN,NaN,NaN,NaN,NaN,NaN,NaN,NaN,NaN,NaN,36.7439,NaN,NaN,8.04111,38.8933,43.1637,4.40871,13.607,-33.5378,27.0039,41.8299,NaN,50.7875,NaN,NaN,NaN,NaN,NaN
NaN,NaN,NaN,NaN,NaN,NaN,NaN,NaN,NaN,NaN,NaN,NaN,NaN,51.1161,NaN,NaN,-22.5628,24.4607,33.492,24.9787,10.0917,21.1117,14.6415,7.55485,NaN,9.77646,NaN,NaN,NaN,NaN,NaN
NaN,NaN,NaN,NaN,NaN,NaN,NaN,NaN,NaN,NaN,NaN,NaN,NaN,-19.7957,NaN,NaN,41.1084,26.7781,28.7319,3.03699,51.8455,14.4218,8.93605,17.2041,NaN,-29.8384,NaN,NaN,NaN,NaN,NaN
NaN,NaN,NaN,NaN,NaN,NaN,NaN,NaN,NaN,NaN,NaN,NaN,NaN,48.1222,NaN,NaN,-3.16741,47.0178,18.1132,52.1548,27.1188,2.66511,27.719,41.0441,NaN,32.5114,NaN,NaN,NaN,NaN,NaN
NaN,NaN,NaN,NaN,NaN,NaN,NaN,NaN,NaN,NaN,NaN,NaN,NaN,19.0446,NaN,NaN,35.5887,48.5684,10.5003,-2.0431,-17.2365,9.67362,11.5438,51.4945,NaN,44.0151,NaN,NaN,NaN,NaN,NaN
NaN,NaN,NaN,NaN,NaN,NaN,NaN,NaN,NaN,NaN,NaN,NaN,NaN,15.9397,NaN,NaN,3.39927,37.2656,10.9021,-27.293,-4.13276,26.2746,46.7578,19.6228,NaN,40.1067,NaN,NaN,NaN,NaN,NaN
NaN,NaN,NaN,NaN,NaN,NaN,NaN,NaN,NaN,NaN,NaN,NaN,NaN,30.8786,NaN,NaN,-16.1951,30.6894,16.5019,15.5327,39.494,11.0618,6.50598,7.08029,NaN,37.811,NaN,NaN,NaN,NaN,NaN
NaN,NaN,NaN,NaN,NaN,NaN,NaN,NaN,NaN,NaN,NaN,NaN,NaN,-8.57047,NaN,NaN,48.1985,44.3276,32.4792,-26.5435,NaN,1.38446,32.7825,8.99892,NaN,8.88357,NaN,NaN,NaN,NaN,NaN
NaN,NaN,NaN,NaN,NaN,NaN,NaN,NaN,NaN,NaN,NaN,NaN,NaN,0.917951,NaN,NaN,NaN,37.5233,10.4194,2.46938,NaN,17.7642,15.4745,-17.7394,NaN,48.5418,NaN,NaN,NaN,NaN,NaN
NaN,NaN,NaN,NaN,NaN,NaN,NaN,NaN,NaN,NaN,NaN,NaN,NaN,15.6947,NaN,NaN,NaN,54.1958,43.6746,29.9969,NaN,13.2129,2.97811,-22.9238,NaN,48.2618,NaN,NaN,NaN,NaN,NaN
NaN,NaN,NaN,NaN,NaN,NaN,NaN,NaN,NaN,NaN,NaN,NaN,NaN,-3.8614,NaN,NaN,NaN,30.5622,49.3241,10.881,NaN,5.23956,-1.07634,-3.32927,NaN,-24.6815,NaN,NaN,NaN,NaN,NaN
NaN,NaN,NaN,NaN,NaN,NaN,NaN,NaN,NaN,NaN,NaN,NaN,NaN,14.4466,NaN,NaN,NaN,28.8575,41.0649,13.4313,NaN,62.4474,33.3986,44.6568,NaN,38.8497,NaN,NaN,NaN,NaN,NaN
NaN,NaN,NaN,NaN,NaN,NaN,NaN,NaN,NaN,NaN,NaN,NaN,NaN,15.4994,NaN,NaN,NaN,10.1745,10.1997,8.91445,NaN,18.7645,21.8462,6.64146,NaN,-24.7747,NaN,NaN,NaN,NaN,NaN
NaN,NaN,NaN,NaN,NaN,NaN,NaN,NaN,NaN,NaN,NaN,NaN,NaN,56.0881,NaN,NaN,NaN,22.5644,21.2109,8.43937,NaN,23.2295,16.8198,8.44783,NaN,NaN,NaN,NaN,NaN,NaN,NaN
NaN,NaN,NaN,NaN,NaN,NaN,NaN,NaN,NaN,NaN,NaN,NaN,NaN,15.5233,NaN,NaN,NaN,25.5714,6.28577,16.3889,NaN,3.10436,45.8225,16.8877,NaN,NaN,NaN,NaN,NaN,NaN,NaN
NaN,NaN,NaN,NaN,NaN,NaN,NaN,NaN,NaN,NaN,NaN,NaN,NaN,4.28471,NaN,NaN,NaN,39.7325,21.8714,16.1973,NaN,28.6941,48.9081,42.8402,NaN,NaN,NaN,NaN,NaN,NaN,NaN
NaN,NaN,NaN,NaN,NaN,NaN,NaN,NaN,NaN,NaN,NaN,NaN,NaN,7.95553,NaN,NaN,NaN,21.818,47.944,15.1788,NaN,27.5853,-1.67758,NaN,NaN,NaN,NaN,NaN,NaN,NaN,NaN
NaN,NaN,NaN,NaN,NaN,NaN,NaN,NaN,NaN,NaN,NaN,NaN,NaN,45.7332,NaN,NaN,NaN,-32.8972,63.9124,-8.04448,NaN,34.6955,15.7067,NaN,NaN,NaN,NaN,NaN,NaN,NaN,NaN
NaN,NaN,NaN,NaN,NaN,NaN,NaN,NaN,NaN,NaN,NaN,NaN,NaN,-6.83999,NaN,NaN,NaN,22.4187,6.92886,44.5206,NaN,32.8864,34.7781,NaN,NaN,NaN,NaN,NaN,NaN,NaN,NaN
NaN,NaN,NaN,NaN,NaN,NaN,NaN,NaN,NaN,NaN,NaN,NaN,NaN,NaN,NaN,NaN,NaN,35.8591,15.3828,42.04,NaN,25.3544,38.5657,NaN,NaN,NaN,NaN,NaN,NaN,NaN,NaN
NaN,NaN,NaN,NaN,NaN,NaN,NaN,NaN,NaN,NaN,NaN,NaN,NaN,NaN,NaN,NaN,NaN,17.1591,51.2311,-27.1808,NaN,34.744,46.2575,NaN,NaN,NaN,NaN,NaN,NaN,NaN,NaN
NaN,NaN,NaN,NaN,NaN,NaN,NaN,NaN,NaN,NaN,NaN,NaN,NaN,NaN,NaN,NaN,NaN,16.7724,35.8421,33.963,NaN,10.3259,10.2653,NaN,NaN,NaN,NaN,NaN,NaN,NaN,NaN
NaN,NaN,NaN,NaN,NaN,NaN,NaN,NaN,NaN,NaN,NaN,NaN,NaN,NaN,NaN,NaN,NaN,12.6459,21.9811,-29.1368,NaN,8.16231,34.9455,NaN,NaN,NaN,NaN,NaN,NaN,NaN,NaN
NaN,NaN,NaN,NaN,NaN,NaN,NaN,NaN,NaN,NaN,NaN,NaN,NaN,NaN,NaN,NaN,NaN,15.1966,39.043,28.4261,NaN,19.8122,20.9096,NaN,NaN,NaN,NaN,NaN,NaN,NaN,NaN
NaN,NaN,NaN,NaN,NaN,NaN,NaN,NaN,NaN,NaN,NaN,NaN,NaN,NaN,NaN,NaN,NaN,34.492,32.3393,6.27156,NaN,24.4662,14.6007,NaN,NaN,NaN,NaN,NaN,NaN,NaN,NaN
NaN,NaN,NaN,NaN,NaN,NaN,NaN,NaN,NaN,NaN,NaN,NaN,NaN,NaN,NaN,NaN,NaN,-35.8628,12.9815,7.93818,NaN,11.8653,-30.2516,NaN,NaN,NaN,NaN,NaN,NaN,NaN,NaN
NaN,NaN,NaN,NaN,NaN,NaN,NaN,NaN,NaN,NaN,NaN,NaN,NaN,NaN,NaN,NaN,NaN,45.9346,13.8844,-9.68549,NaN,19.73,20.9316,NaN,NaN,NaN,NaN,NaN,NaN,NaN,NaN
NaN,NaN,NaN,NaN,NaN,NaN,NaN,NaN,NaN,NaN,NaN,NaN,NaN,NaN,NaN,NaN,NaN,14.2785,10.9965,-33.62,NaN,37.2109,17.0656,NaN,NaN,NaN,NaN,NaN,NaN,NaN,NaN
NaN,NaN,NaN,NaN,NaN,NaN,NaN,NaN,NaN,NaN,NaN,NaN,NaN,NaN,NaN,NaN,NaN,8.09142,10.5416,40.776,NaN,27.2573,7.89355,NaN,NaN,NaN,NaN,NaN,NaN,NaN,NaN
NaN,NaN,NaN,NaN,NaN,NaN,NaN,NaN,NaN,NaN,NaN,NaN,NaN,NaN,NaN,NaN,NaN,35.4377,46.0827,8.18351,NaN,16.6788,28.8398,NaN,NaN,NaN,NaN,NaN,NaN,NaN,NaN
NaN,NaN,NaN,NaN,NaN,NaN,NaN,NaN,NaN,NaN,NaN,NaN,NaN,NaN,NaN,NaN,NaN,21.5391,12.3948,NaN,NaN,23.3406,23.7557,NaN,NaN,NaN,NaN,NaN,NaN,NaN,NaN
NaN,NaN,NaN,NaN,NaN,NaN,NaN,NaN,NaN,NaN,NaN,NaN,NaN,NaN,NaN,NaN,NaN,38.0545,59.1934,NaN,NaN,40.7638,20.6695,NaN,NaN,NaN,NaN,NaN,NaN,NaN,NaN
NaN,NaN,NaN,NaN,NaN,NaN,NaN,NaN,NaN,NaN,NaN,NaN,NaN,NaN,NaN,NaN,NaN,42.8283,12.6285,NaN,NaN,60.8752,10.984,NaN,NaN,NaN,NaN,NaN,NaN,NaN,NaN
NaN,NaN,NaN,NaN,NaN,NaN,NaN,NaN,NaN,NaN,NaN,NaN,NaN,NaN,NaN,NaN,NaN,29.6511,37.8729,NaN,NaN,16.1377,38.4638,NaN,NaN,NaN,NaN,NaN,NaN,NaN,NaN
NaN,NaN,NaN,NaN,NaN,NaN,NaN,NaN,NaN,NaN,NaN,NaN,NaN,NaN,NaN,NaN,NaN,44.0345,15.9392,NaN,NaN,-3.23915,36.9531,NaN,NaN,NaN,NaN,NaN,NaN,NaN,NaN
NaN,NaN,NaN,NaN,NaN,NaN,NaN,NaN,NaN,NaN,NaN,NaN,NaN,NaN,NaN,NaN,NaN,-3.08984,42.8258,NaN,NaN,29.7836,15.8682,NaN,NaN,NaN,NaN,NaN,NaN,NaN,NaN
NaN,NaN,NaN,NaN,NaN,NaN,NaN,NaN,NaN,NaN,NaN,NaN,NaN,NaN,NaN,NaN,NaN,14.9743,26.3794,NaN,NaN,5.77177,24.7214,NaN,NaN,NaN,NaN,NaN,NaN,NaN,NaN
NaN,NaN,NaN,NaN,NaN,NaN,NaN,NaN,NaN,NaN,NaN,NaN,NaN,NaN,NaN,NaN,NaN,25.5052,12.6343,NaN,NaN,7.61046,3.51752,NaN,NaN,NaN,NaN,NaN,NaN,NaN,NaN
NaN,NaN,NaN,NaN,NaN,NaN,NaN,NaN,NaN,NaN,NaN,NaN,NaN,NaN,NaN,NaN,NaN,20.7441,-33.9746,NaN,NaN,45.8128,11.0109,NaN,NaN,NaN,NaN,NaN,NaN,NaN,NaN
NaN,NaN,NaN,NaN,NaN,NaN,NaN,NaN,NaN,NaN,NaN,NaN,NaN,NaN,NaN,NaN,NaN,-44.9509,9.41454,NaN,NaN,41.6506,9.72152,NaN,NaN,NaN,NaN,NaN,NaN,NaN,NaN
NaN,NaN,NaN,NaN,NaN,NaN,NaN,NaN,NaN,NaN,NaN,NaN,NaN,NaN,NaN,NaN,NaN,18.5778,14.2117,NaN,NaN,0.781782,-22.7177,NaN,NaN,NaN,NaN,NaN,NaN,NaN,NaN
NaN,NaN,NaN,NaN,NaN,NaN,NaN,NaN,NaN,NaN,NaN,NaN,NaN,NaN,NaN,NaN,NaN,41.3975,35.5295,NaN,NaN,24.926,-4.36763,NaN,NaN,NaN,NaN,NaN,NaN,NaN,NaN
NaN,NaN,NaN,NaN,NaN,NaN,NaN,NaN,NaN,NaN,NaN,NaN,NaN,NaN,NaN,NaN,NaN,31.0424,37.864,NaN,NaN,14.1349,12.725,NaN,NaN,NaN,NaN,NaN,NaN,NaN,NaN
NaN,NaN,NaN,NaN,NaN,NaN,NaN,NaN,NaN,NaN,NaN,NaN,NaN,NaN,NaN,NaN,NaN,42.245,38.1186,NaN,NaN,7.32364,13.3575,NaN,NaN,NaN,NaN,NaN,NaN,NaN,NaN
NaN,NaN,NaN,NaN,NaN,NaN,NaN,NaN,NaN,NaN,NaN,NaN,NaN,NaN,NaN,NaN,NaN,29.8703,35.6812,NaN,NaN,57.7042,10.7668,NaN,NaN,NaN,NaN,NaN,NaN,NaN,NaN
NaN,NaN,NaN,NaN,NaN,NaN,NaN,NaN,NaN,NaN,NaN,NaN,NaN,NaN,NaN,NaN,NaN,22.3815,0.98718,NaN,NaN,37.643,17.6693,NaN,NaN,NaN,NaN,NaN,NaN,NaN,NaN
NaN,NaN,NaN,NaN,NaN,NaN,NaN,NaN,NaN,NaN,NaN,NaN,NaN,NaN,NaN,NaN,NaN,35.7714,-41.6933,NaN,NaN,4.63506,16.3208,NaN,NaN,NaN,NaN,NaN,NaN,NaN,NaN
NaN,NaN,NaN,NaN,NaN,NaN,NaN,NaN,NaN,NaN,NaN,NaN,NaN,NaN,NaN,NaN,NaN,11.8739,-43.0631,NaN,NaN,17.262,18.8777,NaN,NaN,NaN,NaN,NaN,NaN,NaN,NaN
NaN,NaN,NaN,NaN,NaN,NaN,NaN,NaN,NaN,NaN,NaN,NaN,NaN,NaN,NaN,NaN,NaN,41.5767,24.417,NaN,NaN,-4.23574,34.8234,NaN,NaN,NaN,NaN,NaN,NaN,NaN,NaN
NaN,NaN,NaN,NaN,NaN,NaN,NaN,NaN,NaN,NaN,NaN,NaN,NaN,NaN,NaN,NaN,NaN,26.7222,21.1505,NaN,NaN,47.8554,11.8233,NaN,NaN,NaN,NaN,NaN,NaN,NaN,NaN
NaN,NaN,NaN,NaN,NaN,NaN,NaN,NaN,NaN,NaN,NaN,NaN,NaN,NaN,NaN,NaN,NaN,34.6073,30.0316,NaN,NaN,36.2336,17.5689,NaN,NaN,NaN,NaN,NaN,NaN,NaN,NaN
NaN,NaN,NaN,NaN,NaN,NaN,NaN,NaN,NaN,NaN,NaN,NaN,NaN,NaN,NaN,NaN,NaN,-31.6196,0.22722,NaN,NaN,34.2199,15.3026,NaN,NaN,NaN,NaN,NaN,NaN,NaN,NaN
NaN,NaN,NaN,NaN,NaN,NaN,NaN,NaN,NaN,NaN,NaN,NaN,NaN,NaN,NaN,NaN,NaN,-31.072,34.2795,NaN,NaN,-7.06781,-9.03235,NaN,NaN,NaN,NaN,NaN,NaN,NaN,NaN
NaN,NaN,NaN,NaN,NaN,NaN,NaN,NaN,NaN,NaN,NaN,NaN,NaN,NaN,NaN,NaN,NaN,47.6469,20.6258,NaN,NaN,35.6213,0.354526,NaN,NaN,NaN,NaN,NaN,NaN,NaN,NaN
NaN,NaN,NaN,NaN,NaN,NaN,NaN,NaN,NaN,NaN,NaN,NaN,NaN,NaN,NaN,NaN,NaN,-1.34406,44.7002,NaN,NaN,33.1462,22.6104,NaN,NaN,NaN,NaN,NaN,NaN,NaN,NaN
NaN,NaN,NaN,NaN,NaN,NaN,NaN,NaN,NaN,NaN,NaN,NaN,NaN,NaN,NaN,NaN,NaN,55.6032,44.866,NaN,NaN,32.7423,41.7391,NaN,NaN,NaN,NaN,NaN,NaN,NaN,NaN
NaN,NaN,NaN,NaN,NaN,NaN,NaN,NaN,NaN,NaN,NaN,NaN,NaN,NaN,NaN,NaN,NaN,29.6511,46.0812,NaN,NaN,8.90473,-16.8141,NaN,NaN,NaN,NaN,NaN,NaN,NaN,NaN
NaN,NaN,NaN,NaN,NaN,NaN,NaN,NaN,NaN,NaN,NaN,NaN,NaN,NaN,NaN,NaN,NaN,60.3357,19.1059,NaN,NaN,0.807445,8.79613,NaN,NaN,NaN,NaN,NaN,NaN,NaN,NaN
NaN,NaN,NaN,NaN,NaN,NaN,NaN,NaN,NaN,NaN,NaN,NaN,NaN,NaN,NaN,NaN,NaN,14.2062,38.5104,NaN,NaN,-15.9567,-2.15393,NaN,NaN,NaN,NaN,NaN,NaN,NaN,NaN
NaN,NaN,NaN,NaN,NaN,NaN,NaN,NaN,NaN,NaN,NaN,NaN,NaN,NaN,NaN,NaN,NaN,24.2694,39.7344,NaN,NaN,-1.79098,-34.03,NaN,NaN,NaN,NaN,NaN,NaN,NaN,NaN
NaN,NaN,NaN,NaN,NaN,NaN,NaN,NaN,NaN,NaN,NaN,NaN,NaN,NaN,NaN,NaN,NaN,7.91776,10.5143,NaN,NaN,18.4972,36.7468,NaN,NaN,NaN,NaN,NaN,NaN,NaN,NaN
NaN,NaN,NaN,NaN,NaN,NaN,NaN,NaN,NaN,NaN,NaN,NaN,NaN,NaN,NaN,NaN,NaN,-1.41562,10.5406,NaN,NaN,10.3297,42.7619,NaN,NaN,NaN,NaN,NaN,NaN,NaN,NaN
NaN,NaN,NaN,NaN,NaN,NaN,NaN,NaN,NaN,NaN,NaN,NaN,NaN,NaN,NaN,NaN,NaN,10.9485,35.2335,NaN,NaN,28.0363,17.0782,NaN,NaN,NaN,NaN,NaN,NaN,NaN,NaN
NaN,NaN,NaN,NaN,NaN,NaN,NaN,NaN,NaN,NaN,NaN,NaN,NaN,NaN,NaN,NaN,NaN,12.5292,19.4009,NaN,NaN,6.84455,-26.9207,NaN,NaN,NaN,NaN,NaN,NaN,NaN,NaN
NaN,NaN,NaN,NaN,NaN,NaN,NaN,NaN,NaN,NaN,NaN,NaN,NaN,NaN,NaN,NaN,NaN,10.6068,35.2349,NaN,NaN,1.87378,47.091,NaN,NaN,NaN,NaN,NaN,NaN,NaN,NaN
NaN,NaN,NaN,NaN,NaN,NaN,NaN,NaN,NaN,NaN,NaN,NaN,NaN,NaN,NaN,NaN,NaN,1.42576,17.3728,NaN,NaN,4.47458,3.89418,NaN,NaN,NaN,NaN,NaN,NaN,NaN,NaN
NaN,NaN,NaN,NaN,NaN,NaN,NaN,NaN,NaN,NaN,NaN,NaN,NaN,NaN,NaN,NaN,NaN,-10.9711,39.8192,NaN,NaN,-9.18487,-19.0634,NaN,NaN,NaN,NaN,NaN,NaN,NaN,NaN
NaN,NaN,NaN,NaN,NaN,NaN,NaN,NaN,NaN,NaN,NaN,NaN,NaN,NaN,NaN,NaN,NaN,3.01659,36.865,NaN,NaN,12.4447,18.9316,NaN,NaN,NaN,NaN,NaN,NaN,NaN,NaN
NaN,NaN,NaN,NaN,NaN,NaN,NaN,NaN,NaN,NaN,NaN,NaN,NaN,NaN,NaN,NaN,NaN,44.8277,37.3311,NaN,NaN,NaN,-3.61463,NaN,NaN,NaN,NaN,NaN,NaN,NaN,NaN
NaN,NaN,NaN,NaN,NaN,NaN,NaN,NaN,NaN,NaN,NaN,NaN,NaN,NaN,NaN,NaN,NaN,53.0005,39.0305,NaN,NaN,NaN,-16.6606,NaN,NaN,NaN,NaN,NaN,NaN,NaN,NaN
NaN,NaN,NaN,NaN,NaN,NaN,NaN,NaN,NaN,NaN,NaN,NaN,NaN,NaN,NaN,NaN,NaN,0.949211,34.9865,NaN,NaN,NaN,-17.6622,NaN,NaN,NaN,NaN,NaN,NaN,NaN,NaN
NaN,NaN,NaN,NaN,NaN,NaN,NaN,NaN,NaN,NaN,NaN,NaN,NaN,NaN,NaN,NaN,NaN,45.038,29.1709,NaN,NaN,NaN,7.72192,NaN,NaN,NaN,NaN,NaN,NaN,NaN,NaN
NaN,NaN,NaN,NaN,NaN,NaN,NaN,NaN,NaN,NaN,NaN,NaN,NaN,NaN,NaN,NaN,NaN,-1.21267,25.7276,NaN,NaN,NaN,0.610591,NaN,NaN,NaN,NaN,NaN,NaN,NaN,NaN
NaN,NaN,NaN,NaN,NaN,NaN,NaN,NaN,NaN,NaN,NaN,NaN,NaN,NaN,NaN,NaN,NaN,2.40946,9.35044,NaN,NaN,NaN,-20.7845,NaN,NaN,NaN,NaN,NaN,NaN,NaN,NaN
NaN,NaN,NaN,NaN,NaN,NaN,NaN,NaN,NaN,NaN,NaN,NaN,NaN,NaN,NaN,NaN,NaN,3.11309,8.87752,NaN,NaN,NaN,-30.2933,NaN,NaN,NaN,NaN,NaN,NaN,NaN,NaN
NaN,NaN,NaN,NaN,NaN,NaN,NaN,NaN,NaN,NaN,NaN,NaN,NaN,NaN,NaN,NaN,NaN,64.5052,43.7231,NaN,NaN,NaN,-7.54216,NaN,NaN,NaN,NaN,NaN,NaN,NaN,NaN
NaN,NaN,NaN,NaN,NaN,NaN,NaN,NaN,NaN,NaN,NaN,NaN,NaN,NaN,NaN,NaN,NaN,-43.6673,3.61275,NaN,NaN,NaN,-0.686119,NaN,NaN,NaN,NaN,NaN,NaN,NaN,NaN
NaN,NaN,NaN,NaN,NaN,NaN,NaN,NaN,NaN,NaN,NaN,NaN,NaN,NaN,NaN,NaN,NaN,45.8293,23.6058,NaN,NaN,NaN,-15.94,NaN,NaN,NaN,NaN,NaN,NaN,NaN,NaN
NaN,NaN,NaN,NaN,NaN,NaN,NaN,NaN,NaN,NaN,NaN,NaN,NaN,NaN,NaN,NaN,NaN,59.9306,43.9155,NaN,NaN,NaN,NaN,NaN,NaN,NaN,NaN,NaN,NaN,NaN,NaN
NaN,NaN,NaN,NaN,NaN,NaN,NaN,NaN,NaN,NaN,NaN,NaN,NaN,NaN,NaN,NaN,NaN,9.82661,6.34987,NaN,NaN,NaN,NaN,NaN,NaN,NaN,NaN,NaN,NaN,NaN,NaN
NaN,NaN,NaN,NaN,NaN,NaN,NaN,NaN,NaN,NaN,NaN,NaN,NaN,NaN,NaN,NaN,NaN,33.1091,6.64704,NaN,NaN,NaN,NaN,NaN,NaN,NaN,NaN,NaN,NaN,NaN,NaN
NaN,NaN,NaN,NaN,NaN,NaN,NaN,NaN,NaN,NaN,NaN,NaN,NaN,NaN,NaN,NaN,NaN,40.1572,-41.1902,NaN,NaN,NaN,NaN,NaN,NaN,NaN,NaN,NaN,NaN,NaN,NaN
NaN,NaN,NaN,NaN,NaN,NaN,NaN,NaN,NaN,NaN,NaN,NaN,NaN,NaN,NaN,NaN,NaN,-23.0153,17.915,NaN,NaN,NaN,NaN,NaN,NaN,NaN,NaN,NaN,NaN,NaN,NaN
NaN,NaN,NaN,NaN,NaN,NaN,NaN,NaN,NaN,NaN,NaN,NaN,NaN,NaN,NaN,NaN,NaN,-7.44041,27.6304,NaN,NaN,NaN,NaN,NaN,NaN,NaN,NaN,NaN,NaN,NaN,NaN
NaN,NaN,NaN,NaN,NaN,NaN,NaN,NaN,NaN,NaN,NaN,NaN,NaN,NaN,NaN,NaN,NaN,43.7308,14.7675,NaN,NaN,NaN,NaN,NaN,NaN,NaN,NaN,NaN,NaN,NaN,NaN
NaN,NaN,NaN,NaN,NaN,NaN,NaN,NaN,NaN,NaN,NaN,NaN,NaN,NaN,NaN,NaN,NaN,38.9397,34.9894,NaN,NaN,NaN,NaN,NaN,NaN,NaN,NaN,NaN,NaN,NaN,NaN
NaN,NaN,NaN,NaN,NaN,NaN,NaN,NaN,NaN,NaN,NaN,NaN,NaN,NaN,NaN,NaN,NaN,0.977528,12.5592,NaN,NaN,NaN,NaN,NaN,NaN,NaN,NaN,NaN,NaN,NaN,NaN
NaN,NaN,NaN,NaN,NaN,NaN,NaN,NaN,NaN,NaN,NaN,NaN,NaN,NaN,NaN,NaN,NaN,8.4736,49.5023,NaN,NaN,NaN,NaN,NaN,NaN,NaN,NaN,NaN,NaN,NaN,NaN
NaN,NaN,NaN,NaN,NaN,NaN,NaN,NaN,NaN,NaN,NaN,NaN,NaN,NaN,NaN,NaN,NaN,33.6966,43.8129,NaN,NaN,NaN,NaN,NaN,NaN,NaN,NaN,NaN,NaN,NaN,NaN
NaN,NaN,NaN,NaN,NaN,NaN,NaN,NaN,NaN,NaN,NaN,NaN,NaN,NaN,NaN,NaN,NaN,-19.5723,-29.9288,NaN,NaN,NaN,NaN,NaN,NaN,NaN,NaN,NaN,NaN,NaN,NaN
NaN,NaN,NaN,NaN,NaN,NaN,NaN,NaN,NaN,NaN,NaN,NaN,NaN,NaN,NaN,NaN,NaN,-33.3966,5.47488,NaN,NaN,NaN,NaN,NaN,NaN,NaN,NaN,NaN,NaN,NaN,NaN
NaN,NaN,NaN,NaN,NaN,NaN,NaN,NaN,NaN,NaN,NaN,NaN,NaN,NaN,NaN,NaN,NaN,0.498246,-1.44887,NaN,NaN,NaN,NaN,NaN,NaN,NaN,NaN,NaN,NaN,NaN,NaN
NaN,NaN,NaN,NaN,NaN,NaN,NaN,NaN,NaN,NaN,NaN,NaN,NaN,NaN,NaN,NaN,NaN,-8.95956,37.0912,NaN,NaN,NaN,NaN,NaN,NaN,NaN,NaN,NaN,NaN,NaN,NaN
NaN,NaN,NaN,NaN,NaN,NaN,NaN,NaN,NaN,NaN,NaN,NaN,NaN,NaN,NaN,NaN,NaN,-4.65996,48.1,NaN,NaN,NaN,NaN,NaN,NaN,NaN,NaN,NaN,NaN,NaN,NaN
NaN,NaN,NaN,NaN,NaN,NaN,NaN,NaN,NaN,NaN,NaN,NaN,NaN,NaN,NaN,NaN,NaN,2.59221,3.42853,NaN,NaN,NaN,NaN,NaN,NaN,NaN,NaN,NaN,NaN,NaN,NaN
NaN,NaN,NaN,NaN,NaN,NaN,NaN,NaN,NaN,NaN,NaN,NaN,NaN,NaN,NaN,NaN,NaN,40.2055,17.6099,NaN,NaN,NaN,NaN,NaN,NaN,NaN,NaN,NaN,NaN,NaN,NaN
NaN,NaN,NaN,NaN,NaN,NaN,NaN,NaN,NaN,NaN,NaN,NaN,NaN,NaN,NaN,NaN,NaN,NaN,-6.63283,NaN,NaN,NaN,NaN,NaN,NaN,NaN,NaN,NaN,NaN,NaN,NaN
NaN,NaN,NaN,NaN,NaN,NaN,NaN,NaN,NaN,NaN,NaN,NaN,NaN,NaN,NaN,NaN,NaN,NaN,19.4794,NaN,NaN,NaN,NaN,NaN,NaN,NaN,NaN,NaN,NaN,NaN,NaN
NaN,NaN,NaN,NaN,NaN,NaN,NaN,NaN,NaN,NaN,NaN,NaN,NaN,NaN,NaN,NaN,NaN,NaN,21.4209,NaN,NaN,NaN,NaN,NaN,NaN,NaN,NaN,NaN,NaN,NaN,NaN
NaN,NaN,NaN,NaN,NaN,NaN,NaN,NaN,NaN,NaN,NaN,NaN,NaN,NaN,NaN,NaN,NaN,NaN,7.4768,NaN,NaN,NaN,NaN,NaN,NaN,NaN,NaN,NaN,NaN,NaN,NaN
NaN,NaN,NaN,NaN,NaN,NaN,NaN,NaN,NaN,NaN,NaN,NaN,NaN,NaN,NaN,NaN,NaN,NaN,-32.7122,NaN,NaN,NaN,NaN,NaN,NaN,NaN,NaN,NaN,NaN,NaN,NaN
NaN,NaN,NaN,NaN,NaN,NaN,NaN,NaN,NaN,NaN,NaN,NaN,NaN,NaN,NaN,NaN,NaN,NaN,12.9047,NaN,NaN,NaN,NaN,NaN,NaN,NaN,NaN,NaN,NaN,NaN,NaN
NaN,NaN,NaN,NaN,NaN,NaN,NaN,NaN,NaN,NaN,NaN,NaN,NaN,NaN,NaN,NaN,NaN,NaN,33.8989,NaN,NaN,NaN,NaN,NaN,NaN,NaN,NaN,NaN,NaN,NaN,NaN
NaN,NaN,NaN,NaN,NaN,NaN,NaN,NaN,NaN,NaN,NaN,NaN,NaN,NaN,NaN,NaN,NaN,NaN,-27.5236,NaN,NaN,NaN,NaN,NaN,NaN,NaN,NaN,NaN,NaN,NaN,NaN
NaN,NaN,NaN,NaN,NaN,NaN,NaN,NaN,NaN,NaN,NaN,NaN,NaN,NaN,NaN,NaN,NaN,NaN,34.9615,NaN,NaN,NaN,NaN,NaN,NaN,NaN,NaN,NaN,NaN,NaN,NaN
NaN,NaN,NaN,NaN,NaN,NaN,NaN,NaN,NaN,NaN,NaN,NaN,NaN,NaN,NaN,NaN,NaN,NaN,38.8759,NaN,NaN,NaN,NaN,NaN,NaN,NaN,NaN,NaN,NaN,NaN,NaN
NaN,NaN,NaN,NaN,NaN,NaN,NaN,NaN,NaN,NaN,NaN,NaN,NaN,NaN,NaN,NaN,NaN,NaN,-8.10688,NaN,NaN,NaN,NaN,NaN,NaN,NaN,NaN,NaN,NaN,NaN,NaN
NaN,NaN,NaN,NaN,NaN,NaN,NaN,NaN,NaN,NaN,NaN,NaN,NaN,NaN,NaN,NaN,NaN,NaN,46.1831,NaN,NaN,NaN,NaN,NaN,NaN,NaN,NaN,NaN,NaN,NaN,NaN
NaN,NaN,NaN,NaN,NaN,NaN,NaN,NaN,NaN,NaN,NaN,NaN,NaN,NaN,NaN,NaN,NaN,NaN,15.6116,NaN,NaN,NaN,NaN,NaN,NaN,NaN,NaN,NaN,NaN,NaN,NaN
NaN,NaN,NaN,NaN,NaN,NaN,NaN,NaN,NaN,NaN,NaN,NaN,NaN,NaN,NaN,NaN,NaN,NaN,15.7298,NaN,NaN,NaN,NaN,NaN,NaN,NaN,NaN,NaN,NaN,NaN,NaN
NaN,NaN,NaN,NaN,NaN,NaN,NaN,NaN,NaN,NaN,NaN,NaN,NaN,NaN,NaN,NaN,NaN,NaN,10.6202,NaN,NaN,NaN,NaN,NaN,NaN,NaN,NaN,NaN,NaN,NaN,NaN
NaN,NaN,NaN,NaN,NaN,NaN,NaN,NaN,NaN,NaN,NaN,NaN,NaN,NaN,NaN,NaN,NaN,NaN,-22.6439,NaN,NaN,NaN,NaN,NaN,NaN,NaN,NaN,NaN,NaN,NaN,NaN
NaN,NaN,NaN,NaN,NaN,NaN,NaN,NaN,NaN,NaN,NaN,NaN,NaN,NaN,NaN,NaN,NaN,NaN,4.81717,NaN,NaN,NaN,NaN,NaN,NaN,NaN,NaN,NaN,NaN,NaN,NaN
NaN,NaN,NaN,NaN,NaN,NaN,NaN,NaN,NaN,NaN,NaN,NaN,NaN,NaN,NaN,NaN,NaN,NaN,0.286528,NaN,NaN,NaN,NaN,NaN,NaN,NaN,NaN,NaN,NaN,NaN,NaN
NaN,NaN,NaN,NaN,NaN,NaN,NaN,NaN,NaN,NaN,NaN,NaN,NaN,NaN,NaN,NaN,NaN,NaN,44.8217,NaN,NaN,NaN,NaN,NaN,NaN,NaN,NaN,NaN,NaN,NaN,NaN
NaN,NaN,NaN,NaN,NaN,NaN,NaN,NaN,NaN,NaN,NaN,NaN,NaN,NaN,NaN,NaN,NaN,NaN,9.06005,NaN,NaN,NaN,NaN,NaN,NaN,NaN,NaN,NaN,NaN,NaN,NaN
NaN,NaN,NaN,NaN,NaN,NaN,NaN,NaN,NaN,NaN,NaN,NaN,NaN,NaN,NaN,NaN,NaN,NaN,-37.8337,NaN,NaN,NaN,NaN,NaN,NaN,NaN,NaN,NaN,NaN,NaN,NaN
NaN,NaN,NaN,NaN,NaN,NaN,NaN,NaN,NaN,NaN,NaN,NaN,NaN,NaN,NaN,NaN,NaN,NaN,3.59651,NaN,NaN,NaN,NaN,NaN,NaN,NaN,NaN,NaN,NaN,NaN,NaN
NaN,NaN,NaN,NaN,NaN,NaN,NaN,NaN,NaN,NaN,NaN,NaN,NaN,NaN,NaN,NaN,NaN,NaN,18.3702,NaN,NaN,NaN,NaN,NaN,NaN,NaN,NaN,NaN,NaN,NaN,NaN
NaN,NaN,NaN,NaN,NaN,NaN,NaN,NaN,NaN,NaN,NaN,NaN,NaN,NaN,NaN,NaN,NaN,NaN,-1.04163,NaN,NaN,NaN,NaN,NaN,NaN,NaN,NaN,NaN,NaN,NaN,NaN
NaN,NaN,NaN,NaN,NaN,NaN,NaN,NaN,NaN,NaN,NaN,NaN,NaN,NaN,NaN,NaN,NaN,NaN,8.6548,NaN,NaN,NaN,NaN,NaN,NaN,NaN,NaN,NaN,NaN,NaN,NaN
NaN,NaN,NaN,NaN,NaN,NaN,NaN,NaN,NaN,NaN,NaN,NaN,NaN,NaN,NaN,NaN,NaN,NaN,10.0941,NaN,NaN,NaN,NaN,NaN,NaN,NaN,NaN,NaN,NaN,NaN,NaN
NaN,NaN,NaN,NaN,NaN,NaN,NaN,NaN,NaN,NaN,NaN,NaN,NaN,NaN,NaN,NaN,NaN,NaN,36.7779,NaN,NaN,NaN,NaN,NaN,NaN,NaN,NaN,NaN,NaN,NaN,NaN
NaN,NaN,NaN,NaN,NaN,NaN,NaN,NaN,NaN,NaN,NaN,NaN,NaN,NaN,NaN,NaN,NaN,NaN,5.41506,NaN,NaN,NaN,NaN,NaN,NaN,NaN,NaN,NaN,NaN,NaN,NaN
NaN,NaN,NaN,NaN,NaN,NaN,NaN,NaN,NaN,NaN,NaN,NaN,NaN,NaN,NaN,NaN,NaN,NaN,8.88198,NaN,NaN,NaN,NaN,NaN,NaN,NaN,NaN,NaN,NaN,NaN,NaN
NaN,NaN,NaN,NaN,NaN,NaN,NaN,NaN,NaN,NaN,NaN,NaN,NaN,NaN,NaN,NaN,NaN,NaN,-4.07513,NaN,NaN,NaN,NaN,NaN,NaN,NaN,NaN,NaN,NaN,NaN,NaN
NaN,NaN,NaN,NaN,NaN,NaN,NaN,NaN,NaN,NaN,NaN,NaN,NaN,NaN,NaN,NaN,NaN,NaN,-16.7225,NaN,NaN,NaN,NaN,NaN,NaN,NaN,NaN,NaN,NaN,NaN,NaN
NaN,NaN,NaN,NaN,NaN,NaN,NaN,NaN,NaN,NaN,NaN,NaN,NaN,NaN,NaN,NaN,NaN,NaN,37.0067,NaN,NaN,NaN,NaN,NaN,NaN,NaN,NaN,NaN,NaN,NaN,NaN
NaN,NaN,NaN,NaN,NaN,NaN,NaN,NaN,NaN,NaN,NaN,NaN,NaN,NaN,NaN,NaN,NaN,NaN,34.2005,NaN,NaN,NaN,NaN,NaN,NaN,NaN,NaN,NaN,NaN,NaN,NaN
